{"cameraMode":{"drawMode":0,"name":"Shaded","section":"Shading Mode"},"sceneLighting":true,"audioPlay":false,"sceneViewState":{"showFog":true,"showMaterialUpdate":false,"showSkybox":true,"showFlares":true,"showImageEffects":true,"showParticleSystems":true},"in2DMode":false,"pivot":{"x":0.7002220153808594,"y":0.858752965927124,"z":-0.497469425201416},"rotation":{"x":-0.2597251832485199,"y":0.02230204828083515,"z":-0.006000253837555647,"w":-0.9654064178466797},"size":26.806297302246095,"orthographic":false}