{"cameraMode":{"drawMode":0,"name":"Shaded","section":"Shading Mode"},"sceneLighting":false,"audioPlay":false,"sceneViewState":{"showFog":true,"showMaterialUpdate":false,"showSkybox":false,"showFlares":true,"showImageEffects":true,"showParticleSystems":true},"in2DMode":false,"pivot":{"x":2.4700000286102297,"y":0.6717382073402405,"z":0.0},"rotation":{"x":-0.09167486429214478,"y":0.011050422675907612,"z":-0.0010159427765756846,"w":-0.9957272410392761},"size":5.229244709014893,"orthographic":false}