{"cameraMode":{"drawMode":0,"name":"Shaded","section":"Shading Mode"},"sceneLighting":false,"audioPlay":false,"sceneViewState":{"showFog":true,"showMaterialUpdate":false,"showSkybox":false,"showFlares":true,"showImageEffects":true,"showParticleSystems":true},"in2DMode":false,"pivot":{"x":12.916770935058594,"y":-2.0152816772460939,"z":0.1013253927230835},"rotation":{"x":0.2696629762649536,"y":0.7287794947624207,"z":-0.47208523750305178,"w":0.4162905216217041},"size":20.77791404724121,"orthographic":false}